{
    "name": "root",
    "metadata": {
        "timer_format_version": "0.1.0",
        "start_time_seconds": "1729003874",
        "python_version": "3.10.12 | packaged by Anaconda, Inc. | (main, Jul  5 2023, 19:01:18) [MSC v.1916 64 bit (AMD64)]",
        "command_line_arguments": "C:\\Users\\koyama\\.conda\\envs\\mlagents\\Scripts\\mlagents-learn config\\poca\\UnityChan3vs3.yaml --run-id=UnityChan3vs3-3",
        "mlagents_version": "1.0.0",
        "mlagents_envs_version": "1.0.0",
        "communication_protocol_version": "1.5.0",
        "pytorch_version": "2.2.2+cu121",
        "numpy_version": "1.23.5",
        "end_time_seconds": "1729004016"
    },
    "total": 142.74726770000052,
    "count": 1,
    "self": 0.005297000001519336,
    "children": {
        "run_training.setup": {
            "total": 0.07639299999937066,
            "count": 1,
            "self": 0.07639299999937066
        },
        "TrainerController.start_learning": {
            "total": 142.66557769999963,
            "count": 1,
            "self": 0.07255760001862654,
            "children": {
                "TrainerController._reset_env": {
                    "total": 5.904474500001015,
                    "count": 1,
                    "self": 5.904474500001015
                },
                "TrainerController.advance": {
                    "total": 136.54357179997896,
                    "count": 4391,
                    "self": 0.062395399932938744,
                    "children": {
                        "env_step": {
                            "total": 134.7015190000693,
                            "count": 4391,
                            "self": 95.30872820003424,
                            "children": {
                                "SubprocessEnvManager._take_step": {
                                    "total": 39.34674390001055,
                                    "count": 4391,
                                    "self": 0.3771052999927633,
                                    "children": {
                                        "TorchPolicy.evaluate": {
                                            "total": 38.96963860001779,
                                            "count": 8782,
                                            "self": 38.96963860001779
                                        }
                                    }
                                },
                                "workers": {
                                    "total": 0.046046900024521165,
                                    "count": 4390,
                                    "self": 0.0,
                                    "children": {
                                        "worker_root": {
                                            "total": 74.84847479992277,
                                            "count": 4390,
                                            "is_parallel": true,
                                            "self": 46.22570309998446,
                                            "children": {
                                                "steps_from_proto": {
                                                    "total": 0.0006041999986337032,
                                                    "count": 2,
                                                    "is_parallel": true,
                                                    "self": 0.0003240999994886806,
                                                    "children": {
                                                        "_process_rank_one_or_two_observation": {
                                                            "total": 0.0002800999991450226,
                                                            "count": 8,
                                                            "is_parallel": true,
                                                            "self": 0.0002800999991450226
                                                        }
                                                    }
                                                },
                                                "UnityEnvironment.step": {
                                                    "total": 28.62216749993968,
                                                    "count": 4390,
                                                    "is_parallel": true,
                                                    "self": 0.40367869987676386,
                                                    "children": {
                                                        "UnityEnvironment._generate_step_input": {
                                                            "total": 0.38259650003237766,
                                                            "count": 4390,
                                                            "is_parallel": true,
                                                            "self": 0.38259650003237766
                                                        },
                                                        "communicator.exchange": {
                                                            "total": 26.193353900043803,
                                                            "count": 4390,
                                                            "is_parallel": true,
                                                            "self": 26.193353900043803
                                                        },
                                                        "steps_from_proto": {
                                                            "total": 1.6425383999867336,
                                                            "count": 8780,
                                                            "is_parallel": true,
                                                            "self": 0.8958388001738058,
                                                            "children": {
                                                                "_process_rank_one_or_two_observation": {
                                                                    "total": 0.7466995998129278,
                                                                    "count": 35120,
                                                                    "is_parallel": true,
                                                                    "self": 0.7466995998129278
                                                                }
                                                            }
                                                        }
                                                    }
                                                }
                                            }
                                        }
                                    }
                                }
                            }
                        },
                        "trainer_advance": {
                            "total": 1.7796573999767134,
                            "count": 4390,
                            "self": 0.2193473999541311,
                            "children": {
                                "process_trajectory": {
                                    "total": 1.5603100000225822,
                                    "count": 4390,
                                    "self": 1.5603100000225822
                                }
                            }
                        }
                    }
                },
                "TrainerController._save_models": {
                    "total": 0.14497380000102567,
                    "count": 1,
                    "self": 0.007348500001171487,
                    "children": {
                        "RLTrainer._checkpoint": {
                            "total": 0.13762529999985418,
                            "count": 1,